Image,Mushroom,cap_color,cap_shape,cap_texture,ring_present
1,0,red,flat,warty,yes
2,0,red,flat,warty,yes
3,0,red,flat,warty,yes
4,0,red,flat,warty,yes
5,0,red,flat,warty,yes
6,0,red,flat,warty,yes
7,0,red,flat,warty,yes
8,0,red,flat,warty,yes
9,0,red,flat,warty,yes
10,0,red,flat,warty,yes
11,0,red,flat,warty,yes
12,0,red,flat,warty,yes
13,0,red,flat,warty,yes
14,0,red,flat,warty,yes
15,0,red,flat,warty,yes
16,0,red,flat,warty,yes
17,0,red,flat,warty,yes
18,0,red,flat,warty,yes
19,0,red,flat,warty,yes
20,0,red,flat,warty,yes
21,0,red,flat,warty,yes
22,0,red,flat,warty,yes
23,0,red,flat,warty,yes
24,0,red,flat,warty,yes
25,0,red,flat,warty,yes
26,0,red,flat,warty,yes
27,0,red,flat,warty,yes
28,0,red,flat,warty,yes
29,0,red,flat,warty,yes
30,0,red,flat,warty,yes
31,0,red,flat,warty,yes
32,0,red,flat,warty,yes
33,0,red,flat,warty,yes
34,0,red,flat,warty,yes
35,0,red,flat,warty,yes
36,0,red,flat,warty,yes
37,0,red,flat,warty,yes
38,0,red,flat,warty,yes
39,0,red,flat,warty,yes
40,0,red,flat,warty,yes
41,0,red,flat,warty,yes
42,0,red,flat,warty,yes
43,0,red,flat,warty,yes
44,0,red,flat,warty,yes
45,0,red,flat,warty,yes
46,0,red,flat,warty,yes
47,0,red,flat,warty,yes
48,0,red,flat,warty,yes
49,0,red,flat,warty,yes
50,0,red,flat,warty,yes
51,0,red,flat,warty,yes
52,0,red,flat,warty,yes
53,0,red,flat,warty,yes
54,0,red,flat,warty,yes
55,0,red,flat,warty,yes
56,0,red,flat,warty,yes
57,0,red,flat,warty,yes
58,0,red,flat,warty,yes
59,0,red,flat,warty,yes
60,0,red,flat,warty,yes
61,0,red,flat,warty,yes
62,0,red,flat,warty,yes
63,0,red,flat,warty,yes
64,0,red,flat,warty,yes
65,0,red,flat,warty,yes
66,0,red,flat,warty,yes
67,0,red,flat,warty,yes
68,0,red,flat,warty,yes
69,0,red,flat,warty,yes
70,0,red,flat,warty,yes
71,0,red,flat,warty,yes
72,0,red,flat,warty,yes
73,0,red,flat,warty,yes
74,0,red,flat,warty,yes
75,0,red,flat,warty,yes
76,0,red,flat,warty,yes
77,0,red,flat,warty,yes
78,0,red,flat,warty,yes
79,0,red,flat,warty,yes
80,0,red,flat,warty,yes
81,0,red,flat,warty,yes
82,0,red,flat,warty,yes
83,0,red,flat,warty,yes
84,0,red,flat,warty,yes
85,0,red,flat,warty,yes
86,0,red,flat,warty,yes
87,0,red,flat,warty,yes
88,0,red,flat,warty,yes
89,0,red,flat,warty,yes
90,0,red,flat,warty,yes
91,0,red,flat,warty,yes
92,0,red,flat,warty,yes
93,0,red,flat,warty,yes
94,0,red,flat,warty,yes
95,0,red,flat,warty,yes
96,0,red,flat,warty,yes
97,0,red,flat,warty,yes
98,0,red,flat,warty,yes
99,0,red,flat,warty,yes
100,0,red,flat,warty,yes
101,0,red,flat,warty,yes
102,0,red,flat,warty,yes
103,0,red,flat,warty,yes
104,0,red,flat,warty,yes
105,0,red,flat,warty,yes
106,0,red,flat,warty,yes
107,0,red,flat,warty,yes
108,0,red,flat,warty,yes
109,0,red,flat,warty,yes
110,0,red,flat,warty,yes
111,0,red,flat,warty,yes
112,0,red,flat,warty,yes
113,0,red,flat,warty,yes
114,0,red,flat,warty,yes
115,0,red,flat,warty,yes
116,0,red,flat,warty,yes
117,0,red,flat,warty,yes
118,0,red,flat,warty,yes
119,0,red,flat,warty,yes
120,0,red,flat,warty,yes
121,0,red,flat,warty,yes
122,0,red,flat,warty,yes
123,0,red,flat,warty,yes
124,0,red,flat,warty,yes
125,0,red,flat,warty,yes
126,0,red,flat,warty,yes
127,0,red,flat,warty,yes
128,0,red,flat,warty,yes
129,0,red,flat,warty,yes
130,0,red,flat,warty,yes
131,0,red,flat,warty,yes
132,0,red,flat,warty,yes
133,0,red,flat,warty,yes
134,0,red,flat,warty,yes
135,0,red,flat,warty,yes
136,0,red,flat,warty,yes
137,0,red,flat,warty,yes
138,0,red,flat,warty,yes
139,0,red,flat,warty,yes
140,0,red,flat,warty,yes
141,0,red,flat,warty,yes
142,0,red,flat,warty,yes
143,0,red,flat,warty,yes
145,0,red,flat,warty,yes
146,0,red,flat,warty,yes
147,0,red,flat,warty,yes
148,0,red,flat,warty,yes
149,0,red,flat,warty,yes
150,0,red,flat,warty,yes
151,0,red,flat,warty,yes
152,0,red,flat,warty,yes
153,0,red,flat,warty,yes
154,0,red,flat,warty,yes
155,0,red,flat,warty,yes
156,0,red,flat,warty,yes
157,0,red,flat,warty,yes
158,0,red,flat,warty,yes
159,0,red,flat,warty,yes
160,0,red,flat,warty,yes
161,0,red,flat,warty,yes
162,0,red,flat,warty,yes
163,0,red,flat,warty,yes
164,0,red,flat,warty,yes
165,0,red,flat,warty,yes
166,0,red,flat,warty,yes
167,0,red,flat,warty,yes
169,0,red,flat,warty,yes
170,0,red,flat,warty,yes
171,0,red,flat,warty,yes
172,0,red,flat,warty,yes
173,0,red,flat,warty,yes
174,0,red,flat,warty,yes
175,0,red,flat,warty,yes
176,0,red,flat,warty,yes
177,0,red,flat,warty,yes
178,0,red,flat,warty,yes
179,0,red,flat,warty,yes
180,0,red,flat,warty,yes
181,0,red,flat,warty,yes
182,0,red,flat,warty,yes
183,0,red,flat,warty,yes
184,0,red,flat,warty,yes
185,0,red,flat,warty,yes
186,0,red,flat,warty,yes
187,0,red,flat,warty,yes
188,0,red,flat,warty,yes
189,0,red,flat,warty,yes
190,0,red,flat,warty,yes
191,0,red,flat,warty,yes
192,0,red,flat,warty,yes
193,0,red,flat,warty,yes
194,0,red,flat,warty,yes
195,0,red,flat,warty,yes
196,0,red,flat,warty,yes
197,0,red,flat,warty,yes
198,0,red,flat,warty,yes
199,0,red,flat,warty,yes
200,0,red,flat,warty,yes
201,0,red,flat,warty,yes
202,0,red,flat,warty,yes
203,0,red,flat,warty,yes
204,0,red,flat,warty,yes
205,0,red,flat,warty,yes
206,0,red,flat,warty,yes
207,0,red,flat,warty,yes
208,0,red,flat,warty,yes
209,0,red,flat,warty,yes
210,0,red,flat,warty,yes
211,0,red,flat,warty,yes
212,0,red,flat,warty,yes
213,0,red,flat,warty,yes
214,0,red,flat,warty,yes
215,0,red,flat,warty,yes
216,0,red,flat,warty,yes
217,0,red,flat,warty,yes
218,0,red,flat,warty,yes
219,0,red,flat,warty,yes
220,0,red,flat,warty,yes
221,0,red,flat,warty,yes
222,0,red,flat,warty,yes
223,0,red,flat,warty,yes
224,0,red,flat,warty,yes
225,0,red,flat,warty,yes
226,0,red,flat,warty,yes
227,0,red,flat,warty,yes
228,0,red,flat,warty,yes
229,0,red,flat,warty,yes
230,0,red,flat,warty,yes
231,0,red,flat,warty,yes
232,0,red,flat,warty,yes
233,0,red,flat,warty,yes
234,0,red,flat,warty,yes
235,0,red,flat,warty,yes
236,0,red,flat,warty,yes
237,0,red,flat,warty,yes
238,0,red,flat,warty,yes
239,0,red,flat,warty,yes
240,0,red,flat,warty,yes
241,1,brown,bulbous,smooth,no
242,1,brown,bulbous,smooth,no
243,1,brown,bulbous,smooth,no
244,1,brown,bulbous,smooth,no
245,1,brown,bulbous,smooth,no
246,1,brown,bulbous,smooth,no
247,1,brown,bulbous,smooth,no
248,1,brown,bulbous,smooth,no
249,1,brown,bulbous,smooth,no
250,1,brown,bulbous,smooth,no
251,1,brown,bulbous,smooth,no
252,1,brown,bulbous,smooth,no
253,1,brown,bulbous,smooth,no
254,1,brown,bulbous,smooth,no
255,1,brown,bulbous,smooth,no
256,1,brown,bulbous,smooth,no
257,1,brown,bulbous,smooth,no
258,1,brown,bulbous,smooth,no
259,1,brown,bulbous,smooth,no
260,1,brown,bulbous,smooth,no
261,1,brown,bulbous,smooth,no
262,1,brown,bulbous,smooth,no
263,1,brown,bulbous,smooth,no
264,1,brown,bulbous,smooth,no
265,1,brown,bulbous,smooth,no
266,1,brown,bulbous,smooth,no
267,1,brown,bulbous,smooth,no
268,1,brown,bulbous,smooth,no
269,1,brown,bulbous,smooth,no
270,1,brown,bulbous,smooth,no
271,1,brown,bulbous,smooth,no
272,1,brown,bulbous,smooth,no
273,1,brown,bulbous,smooth,no
274,1,brown,bulbous,smooth,no
275,1,brown,bulbous,smooth,no
276,1,brown,bulbous,smooth,no
277,1,brown,bulbous,smooth,no
278,1,brown,bulbous,smooth,no
279,1,brown,bulbous,smooth,no
280,1,brown,bulbous,smooth,no
281,1,brown,bulbous,smooth,no
282,1,brown,bulbous,smooth,no
283,1,brown,bulbous,smooth,no
284,1,brown,bulbous,smooth,no
285,1,brown,bulbous,smooth,no
286,1,brown,bulbous,smooth,no
287,1,brown,bulbous,smooth,no
288,1,brown,bulbous,smooth,no
289,1,brown,bulbous,smooth,no
290,1,brown,bulbous,smooth,no
291,1,brown,bulbous,smooth,no
292,1,brown,bulbous,smooth,no
293,1,brown,bulbous,smooth,no
294,1,brown,bulbous,smooth,no
295,1,brown,bulbous,smooth,no
296,1,brown,bulbous,smooth,no
297,1,brown,bulbous,smooth,no
298,1,brown,bulbous,smooth,no
299,1,brown,bulbous,smooth,no
300,1,brown,bulbous,smooth,no
301,1,brown,bulbous,smooth,no
302,1,brown,bulbous,smooth,no
303,1,brown,bulbous,smooth,no
304,1,brown,bulbous,smooth,no
305,1,brown,bulbous,smooth,no
306,1,brown,bulbous,smooth,no
307,1,brown,bulbous,smooth,no
308,1,brown,bulbous,smooth,no
309,1,brown,bulbous,smooth,no
310,1,brown,bulbous,smooth,no
311,1,brown,bulbous,smooth,no
312,1,brown,bulbous,smooth,no
313,1,brown,bulbous,smooth,no
314,1,brown,bulbous,smooth,no
315,1,brown,bulbous,smooth,no
316,1,brown,bulbous,smooth,no
317,1,brown,bulbous,smooth,no
318,1,brown,bulbous,smooth,no
319,1,brown,bulbous,smooth,no
320,1,brown,bulbous,smooth,no
321,1,brown,bulbous,smooth,no
322,1,brown,bulbous,smooth,no
323,1,brown,bulbous,smooth,no
324,1,brown,bulbous,smooth,no
325,1,brown,bulbous,smooth,no
326,1,brown,bulbous,smooth,no
327,1,brown,bulbous,smooth,no
328,1,brown,bulbous,smooth,no
329,1,brown,bulbous,smooth,no
330,1,brown,bulbous,smooth,no
331,1,brown,bulbous,smooth,no
332,1,brown,bulbous,smooth,no
333,1,brown,bulbous,smooth,no
334,1,brown,bulbous,smooth,no
335,1,brown,bulbous,smooth,no
336,1,brown,bulbous,smooth,no
337,1,brown,bulbous,smooth,no
338,1,brown,bulbous,smooth,no
339,1,brown,bulbous,smooth,no
340,1,brown,bulbous,smooth,no
341,1,brown,bulbous,smooth,no
342,1,brown,bulbous,smooth,no
343,1,brown,bulbous,smooth,no
344,1,brown,bulbous,smooth,no
345,1,brown,bulbous,smooth,no
346,1,brown,bulbous,smooth,no
347,1,brown,bulbous,smooth,no
348,1,brown,bulbous,smooth,no
349,1,brown,bulbous,smooth,no
350,1,brown,bulbous,smooth,no
351,1,brown,bulbous,smooth,no
352,1,brown,bulbous,smooth,no
353,1,brown,bulbous,smooth,no
354,1,brown,bulbous,smooth,no
355,1,brown,bulbous,smooth,no
356,1,brown,bulbous,smooth,no
357,1,brown,bulbous,smooth,no
358,1,brown,bulbous,smooth,no
359,1,brown,bulbous,smooth,no
360,1,brown,bulbous,smooth,no
361,1,brown,bulbous,smooth,no
362,1,brown,bulbous,smooth,no
363,1,brown,bulbous,smooth,no
364,1,brown,bulbous,smooth,no
365,1,brown,bulbous,smooth,no
366,1,brown,bulbous,smooth,no
367,1,brown,bulbous,smooth,no
368,1,brown,bulbous,smooth,no
369,1,brown,bulbous,smooth,no
370,1,brown,bulbous,smooth,no
371,1,brown,bulbous,smooth,no
372,1,brown,bulbous,smooth,no
373,1,brown,bulbous,smooth,no
374,1,brown,bulbous,smooth,no
375,1,brown,bulbous,smooth,no
376,1,brown,bulbous,smooth,no
377,1,brown,bulbous,smooth,no
378,1,brown,bulbous,smooth,no
379,1,brown,bulbous,smooth,no
380,1,brown,bulbous,smooth,no
381,1,brown,bulbous,smooth,no
382,1,brown,bulbous,smooth,no
383,1,brown,bulbous,smooth,no
384,1,brown,bulbous,smooth,no
385,1,brown,bulbous,smooth,no
386,1,brown,bulbous,smooth,no
387,1,brown,bulbous,smooth,no
388,1,brown,bulbous,smooth,no
389,1,brown,bulbous,smooth,no
390,1,brown,bulbous,smooth,no
391,1,brown,bulbous,smooth,no
392,1,brown,bulbous,smooth,no
393,1,brown,bulbous,smooth,no
394,1,brown,bulbous,smooth,no
395,1,brown,bulbous,smooth,no
396,1,brown,bulbous,smooth,no
397,1,brown,bulbous,smooth,no
398,1,brown,bulbous,smooth,no
399,1,brown,bulbous,smooth,no
400,1,brown,bulbous,smooth,no
401,1,brown,bulbous,smooth,no
402,1,brown,bulbous,smooth,no
403,1,brown,bulbous,smooth,no
404,1,brown,bulbous,smooth,no
405,1,brown,bulbous,smooth,no
406,1,brown,bulbous,smooth,no
407,1,brown,bulbous,smooth,no
408,1,brown,bulbous,smooth,no
409,1,brown,bulbous,smooth,no
410,1,brown,bulbous,smooth,no
411,1,brown,bulbous,smooth,no
412,1,brown,bulbous,smooth,no
413,1,brown,bulbous,smooth,no
414,1,brown,bulbous,smooth,no
415,1,brown,bulbous,smooth,no
416,1,brown,bulbous,smooth,no
417,1,brown,bulbous,smooth,no
418,1,brown,bulbous,smooth,no
419,1,brown,bulbous,smooth,no
420,1,brown,bulbous,smooth,no
421,1,brown,bulbous,smooth,no
422,1,brown,bulbous,smooth,no
423,1,brown,bulbous,smooth,no
424,1,brown,bulbous,smooth,no
425,1,brown,bulbous,smooth,no
426,1,brown,bulbous,smooth,no
427,1,brown,bulbous,smooth,no
428,1,brown,bulbous,smooth,no
429,1,brown,bulbous,smooth,no
430,1,brown,bulbous,smooth,no
431,1,brown,bulbous,smooth,no
432,1,brown,bulbous,smooth,no
433,1,brown,bulbous,smooth,no
434,1,brown,bulbous,smooth,no
435,1,brown,bulbous,smooth,no
436,1,brown,bulbous,smooth,no
437,1,brown,bulbous,smooth,no
438,1,brown,bulbous,smooth,no
439,1,brown,bulbous,smooth,no
440,1,brown,bulbous,smooth,no
441,1,brown,bulbous,smooth,no
442,1,brown,bulbous,smooth,no
443,1,brown,bulbous,smooth,no
444,1,brown,bulbous,smooth,no
445,1,brown,bulbous,smooth,no
446,1,brown,bulbous,smooth,no
447,1,brown,bulbous,smooth,no
448,1,brown,bulbous,smooth,no
449,1,brown,bulbous,smooth,no
450,1,brown,bulbous,smooth,no
451,1,brown,bulbous,smooth,no
452,1,brown,bulbous,smooth,no
453,1,brown,bulbous,smooth,no
454,1,brown,bulbous,smooth,no
455,1,brown,bulbous,smooth,no
456,1,brown,bulbous,smooth,no
457,1,brown,bulbous,smooth,no
458,1,brown,bulbous,smooth,no
459,1,brown,bulbous,smooth,no
460,1,brown,bulbous,smooth,no
461,1,brown,bulbous,smooth,no
462,1,brown,bulbous,smooth,no
463,1,brown,bulbous,smooth,no
464,1,brown,bulbous,smooth,no
465,1,brown,bulbous,smooth,no
466,1,brown,bulbous,smooth,no
467,1,brown,bulbous,smooth,no
468,1,brown,bulbous,smooth,no
469,1,brown,bulbous,smooth,no
470,1,brown,bulbous,smooth,no
471,1,brown,bulbous,smooth,no
472,1,brown,bulbous,smooth,no
473,1,brown,bulbous,smooth,no
474,1,brown,bulbous,smooth,no
475,1,brown,bulbous,smooth,no
476,1,brown,bulbous,smooth,no
477,1,brown,bulbous,smooth,no
478,1,brown,bulbous,smooth,no
479,1,brown,bulbous,smooth,no
480,1,brown,bulbous,smooth,no
481,2,yellow,inverted,smooth,no
482,2,yellow,inverted,smooth,no
483,2,yellow,inverted,smooth,no
484,2,yellow,inverted,smooth,no
485,2,yellow,inverted,smooth,no
486,2,yellow,inverted,smooth,no
487,2,yellow,inverted,smooth,no
488,2,yellow,inverted,smooth,no
489,2,yellow,inverted,smooth,no
490,2,yellow,inverted,smooth,no
491,2,yellow,inverted,smooth,no
492,2,yellow,inverted,smooth,no
493,2,yellow,inverted,smooth,no
494,2,yellow,inverted,smooth,no
495,2,yellow,inverted,smooth,no
496,2,yellow,inverted,smooth,no
497,2,yellow,inverted,smooth,no
498,2,yellow,inverted,smooth,no
499,2,yellow,inverted,smooth,no
500,2,yellow,inverted,smooth,no
501,2,yellow,inverted,smooth,no
502,2,yellow,inverted,smooth,no
503,2,yellow,inverted,smooth,no
504,2,yellow,inverted,smooth,no
505,2,yellow,inverted,smooth,no
506,2,yellow,inverted,smooth,no
507,2,yellow,inverted,smooth,no
508,2,yellow,inverted,smooth,no
509,2,yellow,inverted,smooth,no
510,2,yellow,inverted,smooth,no
511,2,yellow,inverted,smooth,no
512,2,yellow,inverted,smooth,no
513,2,yellow,inverted,smooth,no
514,2,yellow,inverted,smooth,no
515,2,yellow,inverted,smooth,no
516,2,yellow,inverted,smooth,no
517,2,yellow,inverted,smooth,no
518,2,yellow,inverted,smooth,no
519,2,yellow,inverted,smooth,no
520,2,yellow,inverted,smooth,no
521,2,yellow,inverted,smooth,no
522,2,yellow,inverted,smooth,no
523,2,yellow,inverted,smooth,no
524,2,yellow,inverted,smooth,no
525,2,yellow,inverted,smooth,no
526,2,yellow,inverted,smooth,no
527,2,yellow,inverted,smooth,no
528,2,yellow,inverted,smooth,no
529,2,yellow,inverted,smooth,no
530,2,yellow,inverted,smooth,no
531,2,yellow,inverted,smooth,no
532,2,yellow,inverted,smooth,no
533,2,yellow,inverted,smooth,no
534,2,yellow,inverted,smooth,no
535,2,yellow,inverted,smooth,no
536,2,yellow,inverted,smooth,no
537,2,yellow,inverted,smooth,no
538,2,yellow,inverted,smooth,no
539,2,yellow,inverted,smooth,no
540,2,yellow,inverted,smooth,no
541,2,yellow,inverted,smooth,no
542,2,yellow,inverted,smooth,no
543,2,yellow,inverted,smooth,no
544,2,yellow,inverted,smooth,no
545,2,yellow,inverted,smooth,no
546,2,yellow,inverted,smooth,no
547,2,yellow,inverted,smooth,no
548,2,yellow,inverted,smooth,no
549,2,yellow,inverted,smooth,no
550,2,yellow,inverted,smooth,no
551,2,yellow,inverted,smooth,no
552,2,yellow,inverted,smooth,no
553,2,yellow,inverted,smooth,no
554,2,yellow,inverted,smooth,no
555,2,yellow,inverted,smooth,no
556,2,yellow,inverted,smooth,no
557,2,yellow,inverted,smooth,no
558,2,yellow,inverted,smooth,no
559,2,yellow,inverted,smooth,no
560,2,yellow,inverted,smooth,no
561,2,yellow,inverted,smooth,no
562,2,yellow,inverted,smooth,no
563,2,yellow,inverted,smooth,no
564,2,yellow,inverted,smooth,no
565,2,yellow,inverted,smooth,no
566,2,yellow,inverted,smooth,no
567,2,yellow,inverted,smooth,no
568,2,yellow,inverted,smooth,no
569,2,yellow,inverted,smooth,no
570,2,yellow,inverted,smooth,no
571,2,yellow,inverted,smooth,no
572,2,yellow,inverted,smooth,no
573,2,yellow,inverted,smooth,no
574,2,yellow,inverted,smooth,no
575,2,yellow,inverted,smooth,no
576,2,yellow,inverted,smooth,no
577,2,yellow,inverted,smooth,no
578,2,yellow,inverted,smooth,no
579,2,yellow,inverted,smooth,no
580,2,yellow,inverted,smooth,no
581,2,yellow,inverted,smooth,no
582,2,yellow,inverted,smooth,no
583,2,yellow,inverted,smooth,no
584,2,yellow,inverted,smooth,no
585,2,yellow,inverted,smooth,no
586,2,yellow,inverted,smooth,no
587,2,yellow,inverted,smooth,no
588,2,yellow,inverted,smooth,no
589,2,yellow,inverted,smooth,no
590,2,yellow,inverted,smooth,no
591,2,yellow,inverted,smooth,no
592,2,yellow,inverted,smooth,no
593,2,yellow,inverted,smooth,no
594,2,yellow,inverted,smooth,no
595,2,yellow,inverted,smooth,no
596,2,yellow,inverted,smooth,no
597,2,yellow,inverted,smooth,no
598,2,yellow,inverted,smooth,no
599,2,yellow,inverted,smooth,no
600,2,yellow,inverted,smooth,no
601,2,yellow,inverted,smooth,no
602,2,yellow,inverted,smooth,no
603,2,yellow,inverted,smooth,no
604,2,yellow,inverted,smooth,no
605,2,yellow,inverted,smooth,no
606,2,yellow,inverted,smooth,no
607,2,yellow,inverted,smooth,no
608,2,yellow,inverted,smooth,no
609,2,yellow,inverted,smooth,no
610,2,yellow,inverted,smooth,no
611,2,yellow,inverted,smooth,no
612,2,yellow,inverted,smooth,no
613,2,yellow,inverted,smooth,no
614,2,yellow,inverted,smooth,no
615,2,yellow,inverted,smooth,no
616,2,yellow,inverted,smooth,no
617,2,yellow,inverted,smooth,no
618,2,yellow,inverted,smooth,no
619,2,yellow,inverted,smooth,no
620,2,yellow,inverted,smooth,no
621,2,yellow,inverted,smooth,no
622,2,yellow,inverted,smooth,no
623,2,yellow,inverted,smooth,no
624,2,yellow,inverted,smooth,no
625,2,yellow,inverted,smooth,no
626,2,yellow,inverted,smooth,no
627,2,yellow,inverted,smooth,no
628,2,yellow,inverted,smooth,no
629,2,yellow,inverted,smooth,no
630,2,yellow,inverted,smooth,no
631,2,yellow,inverted,smooth,no
632,2,yellow,inverted,smooth,no
633,2,yellow,inverted,smooth,no
634,2,yellow,inverted,smooth,no
635,2,yellow,inverted,smooth,no
636,2,yellow,inverted,smooth,no
637,2,yellow,inverted,smooth,no
638,2,yellow,inverted,smooth,no
639,2,yellow,inverted,smooth,no
640,2,yellow,inverted,smooth,no
641,2,yellow,inverted,smooth,no
642,2,yellow,inverted,smooth,no
643,2,yellow,inverted,smooth,no
644,2,yellow,inverted,smooth,no
645,2,yellow,inverted,smooth,no
646,2,yellow,inverted,smooth,no
647,2,yellow,inverted,smooth,no
648,2,yellow,inverted,smooth,no
649,2,yellow,inverted,smooth,no
650,2,yellow,inverted,smooth,no
651,2,yellow,inverted,smooth,no
652,2,yellow,inverted,smooth,no
653,2,yellow,inverted,smooth,no
654,2,yellow,inverted,smooth,no
655,2,yellow,inverted,smooth,no
656,2,yellow,inverted,smooth,no
657,2,yellow,inverted,smooth,no
658,2,yellow,inverted,smooth,no
659,2,yellow,inverted,smooth,no
660,2,yellow,inverted,smooth,no
661,2,yellow,inverted,smooth,no
662,2,yellow,inverted,smooth,no
663,2,yellow,inverted,smooth,no
664,2,yellow,inverted,smooth,no
665,2,yellow,inverted,smooth,no
666,2,yellow,inverted,smooth,no
667,2,yellow,inverted,smooth,no
668,2,yellow,inverted,smooth,no
669,2,yellow,inverted,smooth,no
670,2,yellow,inverted,smooth,no
671,2,yellow,inverted,smooth,no
672,2,yellow,inverted,smooth,no
673,2,yellow,inverted,smooth,no
674,2,yellow,inverted,smooth,no
675,2,yellow,inverted,smooth,no
676,2,yellow,inverted,smooth,no
677,2,yellow,inverted,smooth,no
678,2,yellow,inverted,smooth,no
679,2,yellow,inverted,smooth,no
680,2,yellow,inverted,smooth,no
681,2,yellow,inverted,smooth,no
682,2,yellow,inverted,smooth,no
683,2,yellow,inverted,smooth,no
684,2,yellow,inverted,smooth,no
685,2,yellow,inverted,smooth,no
686,2,yellow,inverted,smooth,no
687,2,yellow,inverted,smooth,no
688,2,yellow,inverted,smooth,no
689,2,yellow,inverted,smooth,no
690,2,yellow,inverted,smooth,no
691,2,yellow,inverted,smooth,no
692,2,yellow,inverted,smooth,no
693,2,yellow,inverted,smooth,no
694,2,yellow,inverted,smooth,no
695,2,yellow,inverted,smooth,no
696,2,yellow,inverted,smooth,no
697,2,yellow,inverted,smooth,no
698,2,yellow,inverted,smooth,no
699,2,yellow,inverted,smooth,no
700,2,yellow,inverted,smooth,no
701,2,yellow,inverted,smooth,no
702,2,yellow,inverted,smooth,no
703,2,yellow,inverted,smooth,no
704,2,yellow,inverted,smooth,no
705,2,yellow,inverted,smooth,no
706,2,yellow,inverted,smooth,no
707,2,yellow,inverted,smooth,no
708,2,yellow,inverted,smooth,no
709,2,yellow,inverted,smooth,no
710,2,yellow,inverted,smooth,no
711,2,yellow,inverted,smooth,no
712,2,yellow,inverted,smooth,no
713,2,yellow,inverted,smooth,no
714,2,yellow,inverted,smooth,no
715,2,yellow,inverted,smooth,no
716,2,yellow,inverted,smooth,no
717,2,yellow,inverted,smooth,no
718,2,yellow,inverted,smooth,no
719,2,yellow,inverted,smooth,no
720,2,yellow,inverted,smooth,no
721,3,red,flat,smooth,no
722,3,red,flat,smooth,no
723,3,red,flat,smooth,no
724,3,red,flat,smooth,no
726,3,red,flat,smooth,no
727,3,red,flat,smooth,no
728,3,red,flat,smooth,no
729,3,red,flat,smooth,no
730,3,red,flat,smooth,no
731,3,red,flat,smooth,no
732,3,red,flat,smooth,no
733,3,red,flat,smooth,no
734,3,red,flat,smooth,no
735,3,red,flat,smooth,no
736,3,red,flat,smooth,no
737,3,red,flat,smooth,no
738,3,red,flat,smooth,no
739,3,red,flat,smooth,no
740,3,red,flat,smooth,no
741,3,red,flat,smooth,no
742,3,red,flat,smooth,no
743,3,red,flat,smooth,no
744,3,red,flat,smooth,no
745,3,red,flat,smooth,no
746,3,red,flat,smooth,no
747,3,red,flat,smooth,no
748,3,red,flat,smooth,no
749,3,red,flat,smooth,no
750,3,red,flat,smooth,no
751,3,red,flat,smooth,no
752,3,red,flat,smooth,no
753,3,red,flat,smooth,no
754,3,red,flat,smooth,no
755,3,red,flat,smooth,no
756,3,red,flat,smooth,no
757,3,red,flat,smooth,no
758,3,red,flat,smooth,no
759,3,red,flat,smooth,no
760,3,red,flat,smooth,no
761,3,red,flat,smooth,no
762,3,red,flat,smooth,no
763,3,red,flat,smooth,no
764,3,red,flat,smooth,no
765,3,red,flat,smooth,no
766,3,red,flat,smooth,no
767,3,red,flat,smooth,no
768,3,red,flat,smooth,no
769,3,red,flat,smooth,no
770,3,red,flat,smooth,no
771,3,red,flat,smooth,no
772,3,red,flat,smooth,no
773,3,red,flat,smooth,no
774,3,red,flat,smooth,no
775,3,red,flat,smooth,no
776,3,red,flat,smooth,no
777,3,red,flat,smooth,no
778,3,red,flat,smooth,no
779,3,red,flat,smooth,no
780,3,red,flat,smooth,no
781,3,red,flat,smooth,no
782,3,red,flat,smooth,no
783,3,red,flat,smooth,no
784,3,red,flat,smooth,no
785,3,red,flat,smooth,no
786,3,red,flat,smooth,no
787,3,red,flat,smooth,no
788,3,red,flat,smooth,no
789,3,red,flat,smooth,no
790,3,red,flat,smooth,no
791,3,red,flat,smooth,no
792,3,red,flat,smooth,no
793,3,red,flat,smooth,no
794,3,red,flat,smooth,no
795,3,red,flat,smooth,no
796,3,red,flat,smooth,no
797,3,red,flat,smooth,no
798,3,red,flat,smooth,no
799,3,red,flat,smooth,no
800,3,red,flat,smooth,no
801,3,red,flat,smooth,no
802,3,red,flat,smooth,no
803,3,red,flat,smooth,no
804,3,red,flat,smooth,no
805,3,red,flat,smooth,no
806,3,red,flat,smooth,no
807,3,red,flat,smooth,no
808,3,red,flat,smooth,no
809,3,red,flat,smooth,no
810,3,red,flat,smooth,no
811,3,red,flat,smooth,no
812,3,red,flat,smooth,no
813,3,red,flat,smooth,no
814,3,red,flat,smooth,no
815,3,red,flat,smooth,no
816,3,red,flat,smooth,no
817,3,red,flat,smooth,no
818,3,red,flat,smooth,no
819,3,red,flat,smooth,no
820,3,red,flat,smooth,no
821,3,red,flat,smooth,no
822,3,red,flat,smooth,no
823,3,red,flat,smooth,no
824,3,red,flat,smooth,no
825,3,red,flat,smooth,no
826,3,red,flat,smooth,no
827,3,red,flat,smooth,no
828,3,red,flat,smooth,no
829,3,red,flat,smooth,no
830,3,red,flat,smooth,no
831,3,red,flat,smooth,no
832,3,red,flat,smooth,no
833,3,red,flat,smooth,no
834,3,red,flat,smooth,no
835,3,red,flat,smooth,no
836,3,red,flat,smooth,no
837,3,red,flat,smooth,no
838,3,red,flat,smooth,no
839,3,red,flat,smooth,no
840,3,red,flat,smooth,no
841,3,red,flat,smooth,no
842,3,red,flat,smooth,no
843,3,red,flat,smooth,no
844,3,red,flat,smooth,no
845,3,red,flat,smooth,no
846,3,red,flat,smooth,no
847,3,red,flat,smooth,no
848,3,red,flat,smooth,no
849,3,red,flat,smooth,no
850,3,red,flat,smooth,no
851,3,red,flat,smooth,no
852,3,red,flat,smooth,no
853,3,red,flat,smooth,no
854,3,red,flat,smooth,no
855,3,red,flat,smooth,no
856,3,red,flat,smooth,no
857,3,red,flat,smooth,no
858,3,red,flat,smooth,no
859,3,red,flat,smooth,no
860,3,red,flat,smooth,no
861,3,red,flat,smooth,no
862,3,red,flat,smooth,no
863,3,red,flat,smooth,no
864,3,red,flat,smooth,no
865,3,red,flat,smooth,no
866,3,red,flat,smooth,no
867,3,red,flat,smooth,no
868,3,red,flat,smooth,no
869,3,red,flat,smooth,no
870,3,red,flat,smooth,no
871,3,red,flat,smooth,no
872,3,red,flat,smooth,no
873,3,red,flat,smooth,no
874,3,red,flat,smooth,no
875,3,red,flat,smooth,no
876,3,red,flat,smooth,no
877,3,red,flat,smooth,no
878,3,red,flat,smooth,no
879,3,red,flat,smooth,no
880,3,red,flat,smooth,no
881,3,red,flat,smooth,no
882,3,red,flat,smooth,no
883,3,red,flat,smooth,no
884,3,red,flat,smooth,no
885,3,red,flat,smooth,no
886,3,red,flat,smooth,no
887,3,red,flat,smooth,no
888,3,red,flat,smooth,no
889,3,red,flat,smooth,no
890,3,red,flat,smooth,no
891,3,red,flat,smooth,no
892,3,red,flat,smooth,no
893,3,red,flat,smooth,no
894,3,red,flat,smooth,no
895,3,red,flat,smooth,no
896,3,red,flat,smooth,no
897,3,red,flat,smooth,no
898,3,red,flat,smooth,no
899,3,red,flat,smooth,no
900,3,red,flat,smooth,no
901,3,red,flat,smooth,no
902,3,red,flat,smooth,no
903,3,red,flat,smooth,no
904,3,red,flat,smooth,no
905,3,red,flat,smooth,no
906,3,red,flat,smooth,no
907,3,red,flat,smooth,no
908,3,red,flat,smooth,no
909,3,red,flat,smooth,no
910,3,red,flat,smooth,no
911,3,red,flat,smooth,no
912,3,red,flat,smooth,no
913,3,red,flat,smooth,no
914,3,red,flat,smooth,no
915,3,red,flat,smooth,no
916,3,red,flat,smooth,no
917,3,red,flat,smooth,no
918,3,red,flat,smooth,no
919,3,red,flat,smooth,no
920,3,red,flat,smooth,no
921,3,red,flat,smooth,no
922,3,red,flat,smooth,no
923,3,red,flat,smooth,no
924,3,red,flat,smooth,no
925,3,red,flat,smooth,no
926,3,red,flat,smooth,no
927,3,red,flat,smooth,no
928,3,red,flat,smooth,no
929,3,red,flat,smooth,no
930,3,red,flat,smooth,no
931,3,red,flat,smooth,no
932,3,red,flat,smooth,no
933,3,red,flat,smooth,no
934,3,red,flat,smooth,no
935,3,red,flat,smooth,no
936,3,red,flat,smooth,no
937,3,red,flat,smooth,no
938,3,red,flat,smooth,no
939,3,red,flat,smooth,no
940,3,red,flat,smooth,no
941,3,red,flat,smooth,no
942,3,red,flat,smooth,no
943,3,red,flat,smooth,no
945,4,brown,inverted,smooth,no
946,4,brown,inverted,smooth,no
947,4,brown,inverted,smooth,no
948,4,brown,inverted,smooth,no
949,4,brown,inverted,smooth,no
950,4,brown,inverted,smooth,no
951,4,brown,inverted,smooth,no
952,4,brown,inverted,smooth,no
953,4,brown,inverted,smooth,no
954,4,brown,inverted,smooth,no
955,4,brown,inverted,smooth,no
956,4,brown,inverted,smooth,no
957,4,brown,inverted,smooth,no
958,4,brown,inverted,smooth,no
959,4,brown,inverted,smooth,no
960,4,brown,inverted,smooth,no
961,4,brown,inverted,smooth,no
962,4,brown,inverted,smooth,no
963,4,brown,inverted,smooth,no
964,4,brown,inverted,smooth,no
965,4,brown,inverted,smooth,no
966,4,brown,inverted,smooth,no
967,4,brown,inverted,smooth,no
968,4,brown,inverted,smooth,no
969,4,brown,inverted,smooth,no
970,4,brown,inverted,smooth,no
971,4,brown,inverted,smooth,no
972,4,brown,inverted,smooth,no
973,4,brown,inverted,smooth,no
974,4,brown,inverted,smooth,no
975,4,brown,inverted,smooth,no
976,4,brown,inverted,smooth,no
977,4,brown,inverted,smooth,no
978,4,brown,inverted,smooth,no
979,4,brown,inverted,smooth,no
980,4,brown,inverted,smooth,no
981,4,brown,inverted,smooth,no
982,4,brown,inverted,smooth,no
983,4,brown,inverted,smooth,no
984,4,brown,inverted,smooth,no
985,4,brown,inverted,smooth,no
986,4,brown,inverted,smooth,no
987,4,brown,inverted,smooth,no
988,4,brown,inverted,smooth,no
989,4,brown,inverted,smooth,no
990,4,brown,inverted,smooth,no
991,4,brown,inverted,smooth,no
992,4,brown,inverted,smooth,no
993,4,brown,inverted,smooth,no
994,4,brown,inverted,smooth,no
995,4,brown,inverted,smooth,no
996,4,brown,inverted,smooth,no
997,4,brown,inverted,smooth,no
998,4,brown,inverted,smooth,no
999,4,brown,inverted,smooth,no
1000,4,brown,inverted,smooth,no
1001,4,brown,inverted,smooth,no
1002,4,brown,inverted,smooth,no
1003,4,brown,inverted,smooth,no
1004,4,brown,inverted,smooth,no
1005,4,brown,inverted,smooth,no
1006,4,brown,inverted,smooth,no
1007,4,brown,inverted,smooth,no
1008,4,brown,inverted,smooth,no
1009,4,brown,inverted,smooth,no
1010,4,brown,inverted,smooth,no
1011,4,brown,inverted,smooth,no
1012,4,brown,inverted,smooth,no
1013,4,brown,inverted,smooth,no
1014,4,brown,inverted,smooth,no
1015,4,brown,inverted,smooth,no
1016,4,brown,inverted,smooth,no
1017,4,brown,inverted,smooth,no
1018,4,brown,inverted,smooth,no
1019,4,brown,inverted,smooth,no
1020,4,brown,inverted,smooth,no
1021,4,brown,inverted,smooth,no
1022,4,brown,inverted,smooth,no
1023,4,brown,inverted,smooth,no
1024,4,brown,inverted,smooth,no
1025,4,brown,inverted,smooth,no
1026,4,brown,inverted,smooth,no
1027,4,brown,inverted,smooth,no
1028,4,brown,inverted,smooth,no
1029,4,brown,inverted,smooth,no
1030,4,brown,inverted,smooth,no
1031,4,brown,inverted,smooth,no
1032,4,brown,inverted,smooth,no
1033,4,brown,inverted,smooth,no
1034,4,brown,inverted,smooth,no
1035,4,brown,inverted,smooth,no
1036,4,brown,inverted,smooth,no
1037,4,brown,inverted,smooth,no
1038,4,brown,inverted,smooth,no
1039,4,brown,inverted,smooth,no
1040,4,brown,inverted,smooth,no
1041,4,brown,inverted,smooth,no
1042,4,brown,inverted,smooth,no
1043,4,brown,inverted,smooth,no
1044,4,brown,inverted,smooth,no
1045,4,brown,inverted,smooth,no
1046,4,brown,inverted,smooth,no
1047,4,brown,inverted,smooth,no
1048,4,brown,inverted,smooth,no
1049,4,brown,inverted,smooth,no
1050,4,brown,inverted,smooth,no
1051,4,brown,inverted,smooth,no
1052,4,brown,inverted,smooth,no
1053,4,brown,inverted,smooth,no
1054,4,brown,inverted,smooth,no
1055,4,brown,inverted,smooth,no
1056,4,brown,inverted,smooth,no
1057,4,brown,inverted,smooth,no
1058,4,brown,inverted,smooth,no
1059,4,brown,inverted,smooth,no
1060,4,brown,inverted,smooth,no
1061,4,brown,inverted,smooth,no
1062,4,brown,inverted,smooth,no
1063,4,brown,inverted,smooth,no
1064,4,brown,inverted,smooth,no
1065,4,brown,inverted,smooth,no
1066,4,brown,inverted,smooth,no
1067,4,brown,inverted,smooth,no
1068,4,brown,inverted,smooth,no
1069,4,brown,inverted,smooth,no
1070,4,brown,inverted,smooth,no
1071,4,brown,inverted,smooth,no
1072,4,brown,inverted,smooth,no
1073,4,brown,inverted,smooth,no
1074,4,brown,inverted,smooth,no
1075,4,brown,inverted,smooth,no
1076,4,brown,inverted,smooth,no
1077,4,brown,inverted,smooth,no
1078,4,brown,inverted,smooth,no
1079,4,brown,inverted,smooth,no
1080,4,brown,inverted,smooth,no
1081,4,brown,inverted,smooth,no
1082,4,brown,inverted,smooth,no
1083,4,brown,inverted,smooth,no
1084,4,brown,inverted,smooth,no
1085,4,brown,inverted,smooth,no
1086,4,brown,inverted,smooth,no
1087,4,brown,inverted,smooth,no
1088,4,brown,inverted,smooth,no
1089,4,brown,inverted,smooth,no
1090,4,brown,inverted,smooth,no
1091,4,brown,inverted,smooth,no
1092,4,brown,inverted,smooth,no
1093,4,brown,inverted,smooth,no
1094,4,brown,inverted,smooth,no
1095,4,brown,inverted,smooth,no
1096,4,brown,inverted,smooth,no
1097,4,brown,inverted,smooth,no
1098,4,brown,inverted,smooth,no
1099,4,brown,inverted,smooth,no
1100,4,brown,inverted,smooth,no
1101,4,brown,inverted,smooth,no
1102,4,brown,inverted,smooth,no
1103,4,brown,inverted,smooth,no
1104,4,brown,inverted,smooth,no
1105,4,brown,inverted,smooth,no
1106,4,brown,inverted,smooth,no
1107,4,brown,inverted,smooth,no
1108,4,brown,inverted,smooth,no
1109,4,brown,inverted,smooth,no
1110,4,brown,inverted,smooth,no
1111,4,brown,inverted,smooth,no
1112,4,brown,inverted,smooth,no
1113,4,brown,inverted,smooth,no
1114,4,brown,inverted,smooth,no
1115,4,brown,inverted,smooth,no
1116,4,brown,inverted,smooth,no
1117,4,brown,inverted,smooth,no
1118,4,brown,inverted,smooth,no
1119,4,brown,inverted,smooth,no
1120,4,brown,inverted,smooth,no
1121,4,brown,inverted,smooth,no
1122,4,brown,inverted,smooth,no
1123,4,brown,inverted,smooth,no
1124,4,brown,inverted,smooth,no
1125,4,brown,inverted,smooth,no
1126,4,brown,inverted,smooth,no
1127,4,brown,inverted,smooth,no
1128,4,brown,inverted,smooth,no
1129,4,brown,inverted,smooth,no
1130,4,brown,inverted,smooth,no
1131,4,brown,inverted,smooth,no
1132,4,brown,inverted,smooth,no
1133,4,brown,inverted,smooth,no
1134,4,brown,inverted,smooth,no
1135,4,brown,inverted,smooth,no
1136,4,brown,inverted,smooth,no
1137,4,brown,inverted,smooth,no
1138,4,brown,inverted,smooth,no
1139,4,brown,inverted,smooth,no
1140,4,brown,inverted,smooth,no
1141,4,brown,inverted,smooth,no
1142,4,brown,inverted,smooth,no
1143,4,brown,inverted,smooth,no
1144,4,brown,inverted,smooth,no
1145,4,brown,inverted,smooth,no
1146,4,brown,inverted,smooth,no
1147,4,brown,inverted,smooth,no
1148,4,brown,inverted,smooth,no
1149,4,brown,inverted,smooth,no
1150,4,brown,inverted,smooth,no
1151,4,brown,inverted,smooth,no
1152,4,brown,inverted,smooth,no
1153,4,brown,inverted,smooth,no
1154,4,brown,inverted,smooth,no
1155,4,brown,inverted,smooth,no
1156,4,brown,inverted,smooth,no
1157,4,brown,inverted,smooth,no
1158,4,brown,inverted,smooth,no
1159,4,brown,inverted,smooth,no
1160,4,brown,inverted,smooth,no
1161,4,brown,inverted,smooth,no
1162,4,brown,inverted,smooth,no
1163,4,brown,inverted,smooth,no
1164,4,brown,inverted,smooth,no
1165,4,brown,inverted,smooth,no
1166,4,brown,inverted,smooth,no
1167,4,brown,inverted,smooth,no
1168,4,brown,inverted,smooth,no
1169,4,brown,inverted,smooth,no
1170,4,brown,inverted,smooth,no
1171,4,brown,inverted,smooth,no
1172,5,white,inverted,scaly,no
1173,5,white,inverted,scaly,no
1174,5,white,inverted,scaly,no
1175,5,white,inverted,scaly,no
1176,5,white,inverted,scaly,no
1177,5,white,inverted,scaly,no
1178,5,white,inverted,scaly,no
1179,5,white,inverted,scaly,no
1180,5,white,inverted,scaly,no
1181,5,white,inverted,scaly,no
1182,5,white,inverted,scaly,no
1183,5,white,inverted,scaly,no
1184,5,white,inverted,scaly,no
1185,5,white,inverted,scaly,no
1186,5,white,inverted,scaly,no
1187,5,white,inverted,scaly,no
1188,5,white,inverted,scaly,no
1189,5,white,inverted,scaly,no
1190,5,white,inverted,scaly,no
1191,5,white,inverted,scaly,no
1192,5,white,inverted,scaly,no
1193,5,white,inverted,scaly,no
1194,5,white,inverted,scaly,no
1195,5,white,inverted,scaly,no
1196,5,white,inverted,scaly,no
1197,5,white,inverted,scaly,no
1198,5,white,inverted,scaly,no
1199,5,white,inverted,scaly,no
1200,5,white,inverted,scaly,no
1201,5,white,inverted,scaly,no
1202,5,white,inverted,scaly,no
1203,5,white,inverted,scaly,no
1204,5,white,inverted,scaly,no
1205,5,white,inverted,scaly,no
1206,5,white,inverted,scaly,no
1207,5,white,inverted,scaly,no
1208,5,white,inverted,scaly,no
1209,5,white,inverted,scaly,no
1210,5,white,inverted,scaly,no
1211,5,white,inverted,scaly,no
1212,5,white,inverted,scaly,no
1213,5,white,inverted,scaly,no
1214,5,white,inverted,scaly,no
1215,5,white,inverted,scaly,no
1216,5,white,inverted,scaly,no
1217,5,white,inverted,scaly,no
1218,5,white,inverted,scaly,no
1219,5,white,inverted,scaly,no
1220,5,white,inverted,scaly,no
1221,5,white,inverted,scaly,no
1222,5,white,inverted,scaly,no
1223,5,white,inverted,scaly,no
1224,5,white,inverted,scaly,no
1225,5,white,inverted,scaly,no
1226,5,white,inverted,scaly,no
1227,5,white,inverted,scaly,no
1228,5,white,inverted,scaly,no
1229,5,white,inverted,scaly,no
1230,5,white,inverted,scaly,no
1231,5,white,inverted,scaly,no
1232,5,white,inverted,scaly,no
1233,5,white,inverted,scaly,no
1234,5,white,inverted,scaly,no
1235,5,white,inverted,scaly,no
1236,5,white,inverted,scaly,no
1237,5,white,inverted,scaly,no
1238,5,white,inverted,scaly,no
1239,5,white,inverted,scaly,no
1240,5,white,inverted,scaly,no
1241,5,white,inverted,scaly,no
1242,5,white,inverted,scaly,no
1243,5,white,inverted,scaly,no
1244,5,white,inverted,scaly,no
1245,5,white,inverted,scaly,no
1246,5,white,inverted,scaly,no
1247,5,white,inverted,scaly,no
1248,5,white,inverted,scaly,no
1249,5,white,inverted,scaly,no
1250,5,white,inverted,scaly,no
1251,5,white,inverted,scaly,no
1252,5,white,inverted,scaly,no
1253,5,white,inverted,scaly,no
1254,5,white,inverted,scaly,no
1255,5,white,inverted,scaly,no
1256,5,white,inverted,scaly,no
1257,5,white,inverted,scaly,no
1258,5,white,inverted,scaly,no
1259,5,white,inverted,scaly,no
1260,5,white,inverted,scaly,no
1261,5,white,inverted,scaly,no
1262,5,white,inverted,scaly,no
1263,5,white,inverted,scaly,no
1264,5,white,inverted,scaly,no
1265,5,white,inverted,scaly,no
1266,5,white,inverted,scaly,no
1267,5,white,inverted,scaly,no
1268,5,white,inverted,scaly,no
1269,5,white,inverted,scaly,no
1270,5,white,inverted,scaly,no
1271,5,white,inverted,scaly,no
1272,5,white,inverted,scaly,no
1273,5,white,inverted,scaly,no
1274,5,white,inverted,scaly,no
1275,5,white,inverted,scaly,no
1276,5,white,inverted,scaly,no
1277,5,white,inverted,scaly,no
1278,5,white,inverted,scaly,no
1279,5,white,inverted,scaly,no
1280,5,white,inverted,scaly,no
1281,5,white,inverted,scaly,no
1282,5,white,inverted,scaly,no
1283,5,white,inverted,scaly,no
1284,5,white,inverted,scaly,no
1285,5,white,inverted,scaly,no
1286,5,white,inverted,scaly,no
1287,5,white,inverted,scaly,no
1288,5,white,inverted,scaly,no
1289,5,white,inverted,scaly,no
1290,5,white,inverted,scaly,no
1291,5,white,inverted,scaly,no
1292,5,white,inverted,scaly,no
1293,5,white,inverted,scaly,no
1294,5,white,inverted,scaly,no
1295,5,white,inverted,scaly,no
1296,5,white,inverted,scaly,no
1297,5,white,inverted,scaly,no
1298,5,white,inverted,scaly,no
1299,5,white,inverted,scaly,no
1300,5,white,inverted,scaly,no
1301,5,white,inverted,scaly,no
1302,5,white,inverted,scaly,no
1303,5,white,inverted,scaly,no
1304,5,white,inverted,scaly,no
1305,5,white,inverted,scaly,no
1306,5,white,inverted,scaly,no
1307,5,white,inverted,scaly,no
1308,5,white,inverted,scaly,no
1309,5,white,inverted,scaly,no
1310,5,white,inverted,scaly,no
1311,5,white,inverted,scaly,no
1312,5,white,inverted,scaly,no
1313,5,white,inverted,scaly,no
1314,5,white,inverted,scaly,no
1315,5,white,inverted,scaly,no
1316,5,white,inverted,scaly,no
1317,5,white,inverted,scaly,no
1318,5,white,inverted,scaly,no
1319,5,white,inverted,scaly,no
1320,5,white,inverted,scaly,no
1321,5,white,inverted,scaly,no
1322,5,white,inverted,scaly,no
1323,5,white,inverted,scaly,no
1324,5,white,inverted,scaly,no
1325,5,white,inverted,scaly,no
1326,5,white,inverted,scaly,no
1327,5,white,inverted,scaly,no
1328,5,white,inverted,scaly,no
1329,5,white,inverted,scaly,no
1330,5,white,inverted,scaly,no
1331,5,white,inverted,scaly,no
1332,5,white,inverted,scaly,no
1333,5,white,inverted,scaly,no
1334,5,white,inverted,scaly,no
1335,5,white,inverted,scaly,no
1336,5,white,inverted,scaly,no
1337,5,white,inverted,scaly,no
1338,5,white,inverted,scaly,no
1339,5,white,inverted,scaly,no
1340,5,white,inverted,scaly,no
1341,5,white,inverted,scaly,no
1342,5,white,inverted,scaly,no
1343,5,white,inverted,scaly,no
1344,5,white,inverted,scaly,no
1345,5,white,inverted,scaly,no
1346,5,white,inverted,scaly,no
1347,5,white,inverted,scaly,no
1348,5,white,inverted,scaly,no
1349,5,white,inverted,scaly,no
1350,5,white,inverted,scaly,no
1351,5,white,inverted,scaly,no
1352,5,white,inverted,scaly,no
1353,5,white,inverted,scaly,no
1354,5,white,inverted,scaly,no
1355,5,white,inverted,scaly,no
1356,5,white,inverted,scaly,no
1357,5,white,inverted,scaly,no
1358,5,white,inverted,scaly,no
1359,5,white,inverted,scaly,no
1360,5,white,inverted,scaly,no
1361,5,white,inverted,scaly,no
1362,5,white,inverted,scaly,no
1363,5,white,inverted,scaly,no
1364,5,white,inverted,scaly,no
1365,5,white,inverted,scaly,no
1366,5,white,inverted,scaly,no
1367,5,white,inverted,scaly,no
1368,5,white,inverted,scaly,no
1369,5,white,inverted,scaly,no
1370,5,white,inverted,scaly,no
1371,5,white,inverted,scaly,no
1372,5,white,inverted,scaly,no
1373,5,white,inverted,scaly,no
1374,5,white,inverted,scaly,no
1375,5,white,inverted,scaly,no
1376,5,white,inverted,scaly,no
1377,5,white,inverted,scaly,no
1378,5,white,inverted,scaly,no
1379,5,white,inverted,scaly,no
1380,5,white,inverted,scaly,no
1381,5,white,inverted,scaly,no
1382,5,white,inverted,scaly,no
1383,5,white,inverted,scaly,no
1384,5,white,inverted,scaly,no
1385,5,white,inverted,scaly,no
1386,5,white,inverted,scaly,no
1387,5,white,inverted,scaly,no
1388,5,white,inverted,scaly,no
1389,5,white,inverted,scaly,no
1390,5,white,inverted,scaly,no
1391,5,white,inverted,scaly,no
1392,5,white,inverted,scaly,no
1393,5,white,inverted,scaly,no
1394,5,white,inverted,scaly,no
1395,5,white,inverted,scaly,no
1396,5,white,inverted,scaly,no
1397,5,white,inverted,scaly,no
1398,5,white,inverted,scaly,no
1399,5,white,inverted,scaly,no
1400,5,white,inverted,scaly,no
1401,5,white,inverted,scaly,no
1402,5,white,inverted,scaly,no
1403,5,white,inverted,scaly,no
1404,5,white,inverted,scaly,no
1405,5,white,inverted,scaly,no
1406,5,white,inverted,scaly,no
1407,5,white,inverted,scaly,no
1408,5,white,inverted,scaly,no
1409,5,white,inverted,scaly,no
1410,5,white,inverted,scaly,no
1411,5,white,inverted,scaly,no
1412,6,brown,bulbous,smooth,no
1413,6,brown,bulbous,smooth,no
1414,6,brown,bulbous,smooth,no
1415,6,brown,bulbous,smooth,no
1416,6,brown,bulbous,smooth,no
1417,6,brown,bulbous,smooth,no
1418,6,brown,bulbous,smooth,no
1419,6,brown,bulbous,smooth,no
1420,6,brown,bulbous,smooth,no
1421,6,brown,bulbous,smooth,no
1422,6,brown,bulbous,smooth,no
1423,6,brown,bulbous,smooth,no
1424,6,brown,bulbous,smooth,no
1426,6,brown,bulbous,smooth,no
1427,6,brown,bulbous,smooth,no
1428,6,brown,bulbous,smooth,no
1429,6,brown,bulbous,smooth,no
1430,6,brown,bulbous,smooth,no
1431,6,brown,bulbous,smooth,no
1432,6,brown,bulbous,smooth,no
1433,6,brown,bulbous,smooth,no
1434,6,brown,bulbous,smooth,no
1435,6,brown,bulbous,smooth,no
1436,6,brown,bulbous,smooth,no
1437,6,brown,bulbous,smooth,no
1438,6,brown,bulbous,smooth,no
1439,6,brown,bulbous,smooth,no
1440,6,brown,bulbous,smooth,no
1441,6,brown,bulbous,smooth,no
1442,6,brown,bulbous,smooth,no
1443,6,brown,bulbous,smooth,no
1444,6,brown,bulbous,smooth,no
1445,6,brown,bulbous,smooth,no
1446,6,brown,bulbous,smooth,no
1447,6,brown,bulbous,smooth,no
1448,6,brown,bulbous,smooth,no
1449,6,brown,bulbous,smooth,no
1450,6,brown,bulbous,smooth,no
1451,6,brown,bulbous,smooth,no
1452,6,brown,bulbous,smooth,no
1453,6,brown,bulbous,smooth,no
1454,6,brown,bulbous,smooth,no
1455,6,brown,bulbous,smooth,no
1456,6,brown,bulbous,smooth,no
1457,6,brown,bulbous,smooth,no
1458,6,brown,bulbous,smooth,no
1459,6,brown,bulbous,smooth,no
1460,6,brown,bulbous,smooth,no
1461,6,brown,bulbous,smooth,no
1462,6,brown,bulbous,smooth,no
1463,6,brown,bulbous,smooth,no
1464,6,brown,bulbous,smooth,no
1465,6,brown,bulbous,smooth,no
1466,6,brown,bulbous,smooth,no
1467,6,brown,bulbous,smooth,no
1468,6,brown,bulbous,smooth,no
1469,6,brown,bulbous,smooth,no
1470,6,brown,bulbous,smooth,no
1471,6,brown,bulbous,smooth,no
1472,6,brown,bulbous,smooth,no
1473,6,brown,bulbous,smooth,no
1474,6,brown,bulbous,smooth,no
1475,6,brown,bulbous,smooth,no
1476,6,brown,bulbous,smooth,no
1477,6,brown,bulbous,smooth,no
1478,6,brown,bulbous,smooth,no
1479,6,brown,bulbous,smooth,no
1480,6,brown,bulbous,smooth,no
1481,6,brown,bulbous,smooth,no
1482,6,brown,bulbous,smooth,no
1483,6,brown,bulbous,smooth,no
1484,6,brown,bulbous,smooth,no
1485,6,brown,bulbous,smooth,no
1486,6,brown,bulbous,smooth,no
1487,6,brown,bulbous,smooth,no
1488,6,brown,bulbous,smooth,no
1489,6,brown,bulbous,smooth,no
1490,6,brown,bulbous,smooth,no
1491,6,brown,bulbous,smooth,no
1492,6,brown,bulbous,smooth,no
1493,6,brown,bulbous,smooth,no
1494,6,brown,bulbous,smooth,no
1495,6,brown,bulbous,smooth,no
1496,6,brown,bulbous,smooth,no
1497,6,brown,bulbous,smooth,no
1498,6,brown,bulbous,smooth,no
1499,6,brown,bulbous,smooth,no
1500,6,brown,bulbous,smooth,no
1501,6,brown,bulbous,smooth,no
1502,6,brown,bulbous,smooth,no
1503,6,brown,bulbous,smooth,no
1504,6,brown,bulbous,smooth,no
1505,6,brown,bulbous,smooth,no
1506,6,brown,bulbous,smooth,no
1507,6,brown,bulbous,smooth,no
1508,6,brown,bulbous,smooth,no
1510,6,brown,bulbous,smooth,no
1511,6,brown,bulbous,smooth,no
1512,6,brown,bulbous,smooth,no
1513,6,brown,bulbous,smooth,no
1514,6,brown,bulbous,smooth,no
1515,6,brown,bulbous,smooth,no
1516,6,brown,bulbous,smooth,no
1517,6,brown,bulbous,smooth,no
1518,6,brown,bulbous,smooth,no
1519,6,brown,bulbous,smooth,no
1520,6,brown,bulbous,smooth,no
1521,6,brown,bulbous,smooth,no
1522,6,brown,bulbous,smooth,no
1523,6,brown,bulbous,smooth,no
1524,6,brown,bulbous,smooth,no
1525,6,brown,bulbous,smooth,no
1526,6,brown,bulbous,smooth,no
1527,6,brown,bulbous,smooth,no
1528,6,brown,bulbous,smooth,no
1529,6,brown,bulbous,smooth,no
1530,6,brown,bulbous,smooth,no
1531,6,brown,bulbous,smooth,no
1532,6,brown,bulbous,smooth,no
1533,6,brown,bulbous,smooth,no
1534,6,brown,bulbous,smooth,no
1535,6,brown,bulbous,smooth,no
1536,6,brown,bulbous,smooth,no
1537,6,brown,bulbous,smooth,no
1538,6,brown,bulbous,smooth,no
1539,6,brown,bulbous,smooth,no
1540,6,brown,bulbous,smooth,no
1541,6,brown,bulbous,smooth,no
1542,6,brown,bulbous,smooth,no
1543,6,brown,bulbous,smooth,no
1544,6,brown,bulbous,smooth,no
1545,6,brown,bulbous,smooth,no
1546,6,brown,bulbous,smooth,no
1547,6,brown,bulbous,smooth,no
1548,6,brown,bulbous,smooth,no
1549,6,brown,bulbous,smooth,no
1550,6,brown,bulbous,smooth,no
1551,6,brown,bulbous,smooth,no
1552,6,brown,bulbous,smooth,no
1553,6,brown,bulbous,smooth,no
1554,6,brown,bulbous,smooth,no
1555,6,brown,bulbous,smooth,no
1556,6,brown,bulbous,smooth,no
1557,6,brown,bulbous,smooth,no
1558,6,brown,bulbous,smooth,no
1559,6,brown,bulbous,smooth,no
1560,6,brown,bulbous,smooth,no
1561,6,brown,bulbous,smooth,no
1562,6,brown,bulbous,smooth,no
1563,6,brown,bulbous,smooth,no
1564,6,brown,bulbous,smooth,no
1565,6,brown,bulbous,smooth,no
1566,6,brown,bulbous,smooth,no
1567,6,brown,bulbous,smooth,no
1568,6,brown,bulbous,smooth,no
1569,6,brown,bulbous,smooth,no
1570,6,brown,bulbous,smooth,no
1571,6,brown,bulbous,smooth,no
1572,6,brown,bulbous,smooth,no
1573,6,brown,bulbous,smooth,no
1574,6,brown,bulbous,smooth,no
1575,6,brown,bulbous,smooth,no
1576,6,brown,bulbous,smooth,no
1577,6,brown,bulbous,smooth,no
1578,6,brown,bulbous,smooth,no
1579,6,brown,bulbous,smooth,no
1580,6,brown,bulbous,smooth,no
1581,6,brown,bulbous,smooth,no
1582,6,brown,bulbous,smooth,no
1583,6,brown,bulbous,smooth,no
1584,6,brown,bulbous,smooth,no
1585,6,brown,bulbous,smooth,no
1586,6,brown,bulbous,smooth,no
1587,6,brown,bulbous,smooth,no
1588,6,brown,bulbous,smooth,no
1589,6,brown,bulbous,smooth,no
1590,6,brown,bulbous,smooth,no
1591,6,brown,bulbous,smooth,no
1592,6,brown,bulbous,smooth,no
1593,6,brown,bulbous,smooth,no
1594,6,brown,bulbous,smooth,no
1595,6,brown,bulbous,smooth,no
1596,6,brown,bulbous,smooth,no
1597,6,brown,bulbous,smooth,no
1598,6,brown,bulbous,smooth,no
1599,6,brown,bulbous,smooth,no
1600,6,brown,bulbous,smooth,no
1601,6,brown,bulbous,smooth,no
1602,6,brown,bulbous,smooth,no
1603,6,brown,bulbous,smooth,no
1604,6,brown,bulbous,smooth,no
1605,6,brown,bulbous,smooth,no
1606,6,brown,bulbous,smooth,no
1607,6,brown,bulbous,smooth,no
1608,6,brown,bulbous,smooth,no
1609,6,brown,bulbous,smooth,no
1610,6,brown,bulbous,smooth,no
1611,6,brown,bulbous,smooth,no
1612,6,brown,bulbous,smooth,no
1613,6,brown,bulbous,smooth,no
1614,6,brown,bulbous,smooth,no
1615,6,brown,bulbous,smooth,no
1616,6,brown,bulbous,smooth,no
1617,6,brown,bulbous,smooth,no
1618,6,brown,bulbous,smooth,no
1619,6,brown,bulbous,smooth,no
1620,6,brown,bulbous,smooth,no
1621,6,brown,bulbous,smooth,no
1622,6,brown,bulbous,smooth,no
1623,6,brown,bulbous,smooth,no
1624,6,brown,bulbous,smooth,no
1625,6,brown,bulbous,smooth,no
1626,6,brown,bulbous,smooth,no
1627,6,brown,bulbous,smooth,no
1628,6,brown,bulbous,smooth,no
1629,6,brown,bulbous,smooth,no
1630,6,brown,bulbous,smooth,no
1631,6,brown,bulbous,smooth,no
1632,6,brown,bulbous,smooth,no
1633,6,brown,bulbous,smooth,no
1634,6,brown,bulbous,smooth,no
1635,6,brown,bulbous,smooth,no
1636,6,brown,bulbous,smooth,no
1637,6,brown,bulbous,smooth,no
1638,6,brown,bulbous,smooth,no
1639,6,brown,bulbous,smooth,no
1640,6,brown,bulbous,smooth,no
1641,6,brown,bulbous,smooth,no
1642,6,brown,bulbous,smooth,no
1643,6,brown,bulbous,smooth,no
1644,6,brown,bulbous,smooth,no
1645,6,brown,bulbous,smooth,no
1646,6,brown,bulbous,smooth,no
1647,6,brown,bulbous,smooth,no
1648,6,brown,bulbous,smooth,no
1649,6,brown,bulbous,smooth,no
1650,6,brown,bulbous,smooth,no
1651,6,brown,bulbous,smooth,no
1652,7,white,flat,scaly,yes
1653,7,white,flat,scaly,yes
1654,7,white,flat,scaly,yes
1655,7,white,flat,scaly,yes
1656,7,white,flat,scaly,yes
1657,7,white,flat,scaly,yes
1658,7,white,flat,scaly,yes
1659,7,white,flat,scaly,yes
1660,7,white,flat,scaly,yes
1661,7,white,flat,scaly,yes
1662,7,white,flat,scaly,yes
1663,7,white,flat,scaly,yes
1664,7,white,flat,scaly,yes
1665,7,white,flat,scaly,yes
1666,7,white,flat,scaly,yes
1667,7,white,flat,scaly,yes
1668,7,white,flat,scaly,yes
1669,7,white,flat,scaly,yes
1670,7,white,flat,scaly,yes
1671,7,white,flat,scaly,yes
1672,7,white,flat,scaly,yes
1673,7,white,flat,scaly,yes
1674,7,white,flat,scaly,yes
1675,7,white,flat,scaly,yes
1676,7,white,flat,scaly,yes
1677,7,white,flat,scaly,yes
1678,7,white,flat,scaly,yes
1679,7,white,flat,scaly,yes
1680,7,white,flat,scaly,yes
1681,7,white,flat,scaly,yes
1682,7,white,flat,scaly,yes
1683,7,white,flat,scaly,yes
1684,7,white,flat,scaly,yes
1685,7,white,flat,scaly,yes
1686,7,white,flat,scaly,yes
1687,7,white,flat,scaly,yes
1688,7,white,flat,scaly,yes
1689,7,white,flat,scaly,yes
1690,7,white,flat,scaly,yes
1691,7,white,flat,scaly,yes
1692,7,white,flat,scaly,yes
1693,7,white,flat,scaly,yes
1694,7,white,flat,scaly,yes
1695,7,white,flat,scaly,yes
1696,7,white,flat,scaly,yes
1697,7,white,flat,scaly,yes
1698,7,white,flat,scaly,yes
1699,7,white,flat,scaly,yes
1700,7,white,flat,scaly,yes
1701,7,white,flat,scaly,yes
1702,7,white,flat,scaly,yes
1703,7,white,flat,scaly,yes
1704,7,white,flat,scaly,yes
1705,7,white,flat,scaly,yes
1706,7,white,flat,scaly,yes
1707,7,white,flat,scaly,yes
1708,7,white,flat,scaly,yes
1709,7,white,flat,scaly,yes
1710,7,white,flat,scaly,yes
1711,7,white,flat,scaly,yes
1712,7,white,flat,scaly,yes
1713,7,white,flat,scaly,yes
1714,7,white,flat,scaly,yes
1715,7,white,flat,scaly,yes
1716,7,white,flat,scaly,yes
1717,7,white,flat,scaly,yes
1718,7,white,flat,scaly,yes
1719,7,white,flat,scaly,yes
1720,7,white,flat,scaly,yes
1721,7,white,flat,scaly,yes
1722,7,white,flat,scaly,yes
1723,7,white,flat,scaly,yes
1724,7,white,flat,scaly,yes
1725,7,white,flat,scaly,yes
1726,7,white,flat,scaly,yes
1727,7,white,flat,scaly,yes
1728,7,white,flat,scaly,yes
1729,7,white,flat,scaly,yes
1730,7,white,flat,scaly,yes
1731,7,white,flat,scaly,yes
1732,7,white,flat,scaly,yes
1733,7,white,flat,scaly,yes
1734,7,white,flat,scaly,yes
1735,7,white,flat,scaly,yes
1736,7,white,flat,scaly,yes
1737,7,white,flat,scaly,yes
1738,7,white,flat,scaly,yes
1739,7,white,flat,scaly,yes
1740,7,white,flat,scaly,yes
1741,7,white,flat,scaly,yes
1742,7,white,flat,scaly,yes
1743,7,white,flat,scaly,yes
1744,7,white,flat,scaly,yes
1745,7,white,flat,scaly,yes
1746,7,white,flat,scaly,yes
1747,7,white,flat,scaly,yes
1748,7,white,flat,scaly,yes
1749,7,white,flat,scaly,yes
1750,7,white,flat,scaly,yes
1751,7,white,flat,scaly,yes
1752,7,white,flat,scaly,yes
1753,7,white,flat,scaly,yes
1754,7,white,flat,scaly,yes
1755,7,white,flat,scaly,yes
1756,7,white,flat,scaly,yes
1757,7,white,flat,scaly,yes
1758,7,white,flat,scaly,yes
1759,7,white,flat,scaly,yes
1760,7,white,flat,scaly,yes
1761,7,white,flat,scaly,yes
1762,7,white,flat,scaly,yes
1763,7,white,flat,scaly,yes
1764,7,white,flat,scaly,yes
1765,7,white,flat,scaly,yes
1766,7,white,flat,scaly,yes
1767,7,white,flat,scaly,yes
1768,7,white,flat,scaly,yes
1769,7,white,flat,scaly,yes
1770,7,white,flat,scaly,yes
1771,7,white,flat,scaly,yes
1772,7,white,flat,scaly,yes
1773,7,white,flat,scaly,yes
1774,7,white,flat,scaly,yes
1775,7,white,flat,scaly,yes
1776,7,white,flat,scaly,yes
1777,7,white,flat,scaly,yes
1778,7,white,flat,scaly,yes
1779,7,white,flat,scaly,yes
1780,7,white,flat,scaly,yes
1781,7,white,flat,scaly,yes
1782,7,white,flat,scaly,yes
1783,7,white,flat,scaly,yes
1784,7,white,flat,scaly,yes
1785,7,white,flat,scaly,yes
1786,7,white,flat,scaly,yes
1787,7,white,flat,scaly,yes
1788,7,white,flat,scaly,yes
1789,7,white,flat,scaly,yes
1790,7,white,flat,scaly,yes
1791,7,white,flat,scaly,yes
1792,7,white,flat,scaly,yes
1793,7,white,flat,scaly,yes
1794,7,white,flat,scaly,yes
1795,7,white,flat,scaly,yes
1796,7,white,flat,scaly,yes
1797,7,white,flat,scaly,yes
1798,7,white,flat,scaly,yes
1799,7,white,flat,scaly,yes
1800,7,white,flat,scaly,yes
1801,7,white,flat,scaly,yes
1802,7,white,flat,scaly,yes
1803,7,white,flat,scaly,yes
1804,7,white,flat,scaly,yes
1805,7,white,flat,scaly,yes
1806,7,white,flat,scaly,yes
1807,7,white,flat,scaly,yes
1808,7,white,flat,scaly,yes
1809,7,white,flat,scaly,yes
1810,7,white,flat,scaly,yes
1811,7,white,flat,scaly,yes
1812,7,white,flat,scaly,yes
1813,7,white,flat,scaly,yes
1814,7,white,flat,scaly,yes
1815,7,white,flat,scaly,yes
1816,7,white,flat,scaly,yes
1817,7,white,flat,scaly,yes
1818,7,white,flat,scaly,yes
1819,7,white,flat,scaly,yes
1820,7,white,flat,scaly,yes
1821,7,white,flat,scaly,yes
1822,7,white,flat,scaly,yes
1823,7,white,flat,scaly,yes
1824,7,white,flat,scaly,yes
1825,7,white,flat,scaly,yes
1826,7,white,flat,scaly,yes
1827,7,white,flat,scaly,yes
1828,7,white,flat,scaly,yes
1829,7,white,flat,scaly,yes
1830,7,white,flat,scaly,yes
1831,7,white,flat,scaly,yes
1832,7,white,flat,scaly,yes
1833,7,white,flat,scaly,yes
1834,7,white,flat,scaly,yes
1835,7,white,flat,scaly,yes
1836,7,white,flat,scaly,yes
1837,7,white,flat,scaly,yes
1838,7,white,flat,scaly,yes
1839,7,white,flat,scaly,yes
1840,7,white,flat,scaly,yes
1841,7,white,flat,scaly,yes
1842,7,white,flat,scaly,yes
1843,7,white,flat,scaly,yes
1844,7,white,flat,scaly,yes
1845,7,white,flat,scaly,yes
1846,7,white,flat,scaly,yes
1847,7,white,flat,scaly,yes
1848,7,white,flat,scaly,yes
1849,7,white,flat,scaly,yes
1850,7,white,flat,scaly,yes
1851,7,white,flat,scaly,yes
1852,7,white,flat,scaly,yes
1853,7,white,flat,scaly,yes
1854,7,white,flat,scaly,yes
1855,7,white,flat,scaly,yes
1856,7,white,flat,scaly,yes
1857,7,white,flat,scaly,yes
1858,7,white,flat,scaly,yes
1859,7,white,flat,scaly,yes
1860,7,white,flat,scaly,yes
1861,7,white,flat,scaly,yes
1862,7,white,flat,scaly,yes
1863,7,white,flat,scaly,yes
1864,7,white,flat,scaly,yes
1865,7,white,flat,scaly,yes
1866,7,white,flat,scaly,yes
1867,7,white,flat,scaly,yes
1868,7,white,flat,scaly,yes
1869,7,white,flat,scaly,yes
1870,7,white,flat,scaly,yes
1871,7,white,flat,scaly,yes
1872,7,white,flat,scaly,yes
1873,7,white,flat,scaly,yes
1874,7,white,flat,scaly,yes
1875,7,white,flat,scaly,yes
1876,7,white,flat,scaly,yes
1877,7,white,flat,scaly,yes
1878,7,white,flat,scaly,yes
1879,7,white,flat,scaly,yes
1880,7,white,flat,scaly,yes
1881,7,white,flat,scaly,yes
1882,7,white,flat,scaly,yes
1883,7,white,flat,scaly,yes
1884,7,white,flat,scaly,yes
1885,7,white,flat,scaly,yes
1886,7,white,flat,scaly,yes
1887,7,white,flat,scaly,yes
1888,7,white,flat,scaly,yes
1889,7,white,flat,scaly,yes
1890,7,white,flat,scaly,yes
1891,7,white,flat,scaly,yes
1892,8,brown,convex,smooth,no
1893,8,brown,convex,smooth,no
1894,8,brown,convex,smooth,no
1895,8,brown,convex,smooth,no
1896,8,brown,convex,smooth,no
1897,8,brown,convex,smooth,no
1898,8,brown,convex,smooth,no
1899,8,brown,convex,smooth,no
1900,8,brown,convex,smooth,no
1901,8,brown,convex,smooth,no
1902,8,brown,convex,smooth,no
1903,8,brown,convex,smooth,no
1904,8,brown,convex,smooth,no
1905,8,brown,convex,smooth,no
1906,8,brown,convex,smooth,no
1907,8,brown,convex,smooth,no
1908,8,brown,convex,smooth,no
1909,8,brown,convex,smooth,no
1910,8,brown,convex,smooth,no
1911,8,brown,convex,smooth,no
1912,8,brown,convex,smooth,no
1913,8,brown,convex,smooth,no
1914,8,brown,convex,smooth,no
1915,8,brown,convex,smooth,no
1916,8,brown,convex,smooth,no
1917,8,brown,convex,smooth,no
1918,8,brown,convex,smooth,no
1919,8,brown,convex,smooth,no
1920,8,brown,convex,smooth,no
1921,8,brown,convex,smooth,no
1922,8,brown,convex,smooth,no
1923,8,brown,convex,smooth,no
1924,8,brown,convex,smooth,no
1925,8,brown,convex,smooth,no
1926,8,brown,convex,smooth,no
1927,8,brown,convex,smooth,no
1928,8,brown,convex,smooth,no
1929,8,brown,convex,smooth,no
1930,8,brown,convex,smooth,no
1931,8,brown,convex,smooth,no
1932,8,brown,convex,smooth,no
1933,8,brown,convex,smooth,no
1934,8,brown,convex,smooth,no
1935,8,brown,convex,smooth,no
1936,8,brown,convex,smooth,no
1937,8,brown,convex,smooth,no
1938,8,brown,convex,smooth,no
1939,8,brown,convex,smooth,no
1940,8,brown,convex,smooth,no
1941,8,brown,convex,smooth,no
1942,8,brown,convex,smooth,no
1943,8,brown,convex,smooth,no
1944,8,brown,convex,smooth,no
1945,8,brown,convex,smooth,no
1946,8,brown,convex,smooth,no
1947,8,brown,convex,smooth,no
1948,8,brown,convex,smooth,no
1949,8,brown,convex,smooth,no
1950,8,brown,convex,smooth,no
1951,8,brown,convex,smooth,no
1952,8,brown,convex,smooth,no
1953,8,brown,convex,smooth,no
1954,8,brown,convex,smooth,no
1955,8,brown,convex,smooth,no
1956,8,brown,convex,smooth,no
1957,8,brown,convex,smooth,no
1958,8,brown,convex,smooth,no
1959,8,brown,convex,smooth,no
1960,8,brown,convex,smooth,no
1961,8,brown,convex,smooth,no
1962,8,brown,convex,smooth,no
1963,8,brown,convex,smooth,no
1964,8,brown,convex,smooth,no
1965,8,brown,convex,smooth,no
1966,8,brown,convex,smooth,no
1967,8,brown,convex,smooth,no
1968,8,brown,convex,smooth,no
1969,8,brown,convex,smooth,no
1970,8,brown,convex,smooth,no
1971,8,brown,convex,smooth,no
1972,8,brown,convex,smooth,no
1973,8,brown,convex,smooth,no
1974,8,brown,convex,smooth,no
1975,8,brown,convex,smooth,no
1976,8,brown,convex,smooth,no
1977,8,brown,convex,smooth,no
1978,8,brown,convex,smooth,no
1979,8,brown,convex,smooth,no
1980,8,brown,convex,smooth,no
1981,8,brown,convex,smooth,no
1982,8,brown,convex,smooth,no
1983,8,brown,convex,smooth,no
1984,8,brown,convex,smooth,no
1985,8,brown,convex,smooth,no
1986,8,brown,convex,smooth,no
1987,8,brown,convex,smooth,no
1988,8,brown,convex,smooth,no
1989,8,brown,convex,smooth,no
1990,8,brown,convex,smooth,no
1991,8,brown,convex,smooth,no
1992,8,brown,convex,smooth,no
1993,8,brown,convex,smooth,no
1994,8,brown,convex,smooth,no
1995,8,brown,convex,smooth,no
1996,8,brown,convex,smooth,no
1997,8,brown,convex,smooth,no
1998,8,brown,convex,smooth,no
1999,8,brown,convex,smooth,no
2000,8,brown,convex,smooth,no
2001,8,brown,convex,smooth,no
2002,8,brown,convex,smooth,no
2003,8,brown,convex,smooth,no
2004,8,brown,convex,smooth,no
2005,8,brown,convex,smooth,no
2006,8,brown,convex,smooth,no
2007,8,brown,convex,smooth,no
2008,8,brown,convex,smooth,no
2009,8,brown,convex,smooth,no
2010,8,brown,convex,smooth,no
2011,8,brown,convex,smooth,no
2012,8,brown,convex,smooth,no
2013,8,brown,convex,smooth,no
2014,8,brown,convex,smooth,no
2015,8,brown,convex,smooth,no
2016,8,brown,convex,smooth,no
2017,8,brown,convex,smooth,no
2018,8,brown,convex,smooth,no
2019,8,brown,convex,smooth,no
2020,8,brown,convex,smooth,no
2021,8,brown,convex,smooth,no
2022,8,brown,convex,smooth,no
2023,8,brown,convex,smooth,no
2024,8,brown,convex,smooth,no
2025,8,brown,convex,smooth,no
2026,8,brown,convex,smooth,no
2027,8,brown,convex,smooth,no
2028,8,brown,convex,smooth,no
2029,8,brown,convex,smooth,no
2030,8,brown,convex,smooth,no
2031,8,brown,convex,smooth,no
2032,8,brown,convex,smooth,no
2033,8,brown,convex,smooth,no
2034,8,brown,convex,smooth,no
2035,8,brown,convex,smooth,no
2036,8,brown,convex,smooth,no
2037,8,brown,convex,smooth,no
2038,8,brown,convex,smooth,no
2039,8,brown,convex,smooth,no
2040,8,brown,convex,smooth,no
2041,8,brown,convex,smooth,no
2042,8,brown,convex,smooth,no
2043,8,brown,convex,smooth,no
2044,8,brown,convex,smooth,no
2045,8,brown,convex,smooth,no
2046,8,brown,convex,smooth,no
2047,8,brown,convex,smooth,no
2048,8,brown,convex,smooth,no
2049,8,brown,convex,smooth,no
2050,8,brown,convex,smooth,no
2051,8,brown,convex,smooth,no
2052,8,brown,convex,smooth,no
2053,8,brown,convex,smooth,no
2054,8,brown,convex,smooth,no
2055,8,brown,convex,smooth,no
2056,8,brown,convex,smooth,no
2057,8,brown,convex,smooth,no
2058,8,brown,convex,smooth,no
2059,8,brown,convex,smooth,no
2060,8,brown,convex,smooth,no
2061,8,brown,convex,smooth,no
2062,8,brown,convex,smooth,no
2063,8,brown,convex,smooth,no
2064,8,brown,convex,smooth,no
2065,8,brown,convex,smooth,no
2066,8,brown,convex,smooth,no
2067,8,brown,convex,smooth,no
2068,8,brown,convex,smooth,no
2069,8,brown,convex,smooth,no
2070,8,brown,convex,smooth,no
2071,8,brown,convex,smooth,no
2072,8,brown,convex,smooth,no
2073,8,brown,convex,smooth,no
2074,8,brown,convex,smooth,no
2075,8,brown,convex,smooth,no
2076,8,brown,convex,smooth,no
2077,8,brown,convex,smooth,no
2078,8,brown,convex,smooth,no
2079,8,brown,convex,smooth,no
2080,8,brown,convex,smooth,no
2081,8,brown,convex,smooth,no
2082,8,brown,convex,smooth,no
2083,8,brown,convex,smooth,no
2084,8,brown,convex,smooth,no
2085,8,brown,convex,smooth,no
2086,8,brown,convex,smooth,no
2087,8,brown,convex,smooth,no
2088,8,brown,convex,smooth,no
2089,8,brown,convex,smooth,no
2090,8,brown,convex,smooth,no
2091,8,brown,convex,smooth,no
2092,8,brown,convex,smooth,no
2093,8,brown,convex,smooth,no
2094,8,brown,convex,smooth,no
2095,8,brown,convex,smooth,no
2096,8,brown,convex,smooth,no
2097,8,brown,convex,smooth,no
2098,8,brown,convex,smooth,no
2099,8,brown,convex,smooth,no
2100,8,brown,convex,smooth,no
2101,8,brown,convex,smooth,no
2102,8,brown,convex,smooth,no
2103,8,brown,convex,smooth,no
2104,8,brown,convex,smooth,no
2105,8,brown,convex,smooth,no
2106,8,brown,convex,smooth,no
2107,8,brown,convex,smooth,no
2108,8,brown,convex,smooth,no
2109,8,brown,convex,smooth,no
2110,8,brown,convex,smooth,no
2111,8,brown,convex,smooth,no
2112,8,brown,convex,smooth,no
2113,8,brown,convex,smooth,no
2114,8,brown,convex,smooth,no
2115,8,brown,convex,smooth,no
2116,8,brown,convex,smooth,no
2117,8,brown,convex,smooth,no
2118,8,brown,convex,smooth,no
2119,8,brown,convex,smooth,no
2120,8,brown,convex,smooth,no
2121,8,brown,convex,smooth,no
2122,8,brown,convex,smooth,no
2123,8,brown,convex,smooth,no
2124,8,brown,convex,smooth,no
2125,8,brown,convex,smooth,no
2126,8,brown,convex,smooth,no
2127,8,brown,convex,smooth,no
2128,8,brown,convex,smooth,no
2129,8,brown,convex,smooth,no
2130,8,brown,convex,smooth,no
2131,8,brown,convex,smooth,no
2132,9,red,flat,smooth,no
2133,9,red,flat,smooth,no
2134,9,red,flat,smooth,no
2135,9,red,flat,smooth,no
2136,9,red,flat,smooth,no
2137,9,red,flat,smooth,no
2138,9,red,flat,smooth,no
2139,9,red,flat,smooth,no
2140,9,red,flat,smooth,no
2141,9,red,flat,smooth,no
2142,9,red,flat,smooth,no
2143,9,red,flat,smooth,no
2144,9,red,flat,smooth,no
2145,9,red,flat,smooth,no
2146,9,red,flat,smooth,no
2147,9,red,flat,smooth,no
2148,9,red,flat,smooth,no
2149,9,red,flat,smooth,no
2150,9,red,flat,smooth,no
2151,9,red,flat,smooth,no
2152,9,red,flat,smooth,no
2153,9,red,flat,smooth,no
2154,9,red,flat,smooth,no
2155,9,red,flat,smooth,no
2156,9,red,flat,smooth,no
2157,9,red,flat,smooth,no
2158,9,red,flat,smooth,no
2159,9,red,flat,smooth,no
2160,9,red,flat,smooth,no
2161,9,red,flat,smooth,no
2162,9,red,flat,smooth,no
2163,9,red,flat,smooth,no
2164,9,red,flat,smooth,no
2165,9,red,flat,smooth,no
2166,9,red,flat,smooth,no
2167,9,red,flat,smooth,no
2168,9,red,flat,smooth,no
2169,9,red,flat,smooth,no
2170,9,red,flat,smooth,no
2171,9,red,flat,smooth,no
2172,9,red,flat,smooth,no
2173,9,red,flat,smooth,no
2174,9,red,flat,smooth,no
2175,9,red,flat,smooth,no
2176,9,red,flat,smooth,no
2177,9,red,flat,smooth,no
2178,9,red,flat,smooth,no
2179,9,red,flat,smooth,no
2180,9,red,flat,smooth,no
2181,9,red,flat,smooth,no
2182,9,red,flat,smooth,no
2183,9,red,flat,smooth,no
2184,9,red,flat,smooth,no
2185,9,red,flat,smooth,no
2186,9,red,flat,smooth,no
2187,9,red,flat,smooth,no
2188,9,red,flat,smooth,no
2189,9,red,flat,smooth,no
2190,9,red,flat,smooth,no
2191,9,red,flat,smooth,no
2192,9,red,flat,smooth,no
2193,9,red,flat,smooth,no
2194,9,red,flat,smooth,no
2195,9,red,flat,smooth,no
2196,9,red,flat,smooth,no
2197,9,red,flat,smooth,no
2198,9,red,flat,smooth,no
2199,9,red,flat,smooth,no
2200,9,red,flat,smooth,no
2201,9,red,flat,smooth,no
2202,9,red,flat,smooth,no
2203,9,red,flat,smooth,no
2204,9,red,flat,smooth,no
2205,9,red,flat,smooth,no
2206,9,red,flat,smooth,no
2207,9,red,flat,smooth,no
2208,9,red,flat,smooth,no
2209,9,red,flat,smooth,no
2210,9,red,flat,smooth,no
2211,9,red,flat,smooth,no
2212,9,red,flat,smooth,no
2213,9,red,flat,smooth,no
2214,9,red,flat,smooth,no
2215,9,red,flat,smooth,no
2216,9,red,flat,smooth,no
2217,9,red,flat,smooth,no
2218,9,red,flat,smooth,no
2219,9,red,flat,smooth,no
2220,9,red,flat,smooth,no
2221,9,red,flat,smooth,no
2222,9,red,flat,smooth,no
2223,9,red,flat,smooth,no
2224,9,red,flat,smooth,no
2225,9,red,flat,smooth,no
2226,9,red,flat,smooth,no
2227,9,red,flat,smooth,no
2228,9,red,flat,smooth,no
2229,9,red,flat,smooth,no
2230,9,red,flat,smooth,no
2231,9,red,flat,smooth,no
2232,9,red,flat,smooth,no
2233,9,red,flat,smooth,no
2234,9,red,flat,smooth,no
2235,9,red,flat,smooth,no
2236,9,red,flat,smooth,no
2237,9,red,flat,smooth,no
2238,9,red,flat,smooth,no
2239,9,red,flat,smooth,no
2240,9,red,flat,smooth,no
2241,9,red,flat,smooth,no
2242,9,red,flat,smooth,no
2243,9,red,flat,smooth,no
2244,9,red,flat,smooth,no
2245,9,red,flat,smooth,no
2246,9,red,flat,smooth,no
2247,9,red,flat,smooth,no
2248,9,red,flat,smooth,no
2249,9,red,flat,smooth,no
2250,9,red,flat,smooth,no
2251,9,red,flat,smooth,no
2252,9,red,flat,smooth,no
2253,9,red,flat,smooth,no
2254,9,red,flat,smooth,no
2255,9,red,flat,smooth,no
2256,9,red,flat,smooth,no
2257,9,red,flat,smooth,no
2258,9,red,flat,smooth,no
2259,9,red,flat,smooth,no
2260,9,red,flat,smooth,no
2261,9,red,flat,smooth,no
2262,9,red,flat,smooth,no
2263,9,red,flat,smooth,no
2264,9,red,flat,smooth,no
2265,9,red,flat,smooth,no
2266,9,red,flat,smooth,no
2267,9,red,flat,smooth,no
2268,9,red,flat,smooth,no
2269,9,red,flat,smooth,no
2270,9,red,flat,smooth,no
2271,9,red,flat,smooth,no
2272,9,red,flat,smooth,no
2273,9,red,flat,smooth,no
2274,9,red,flat,smooth,no
2275,9,red,flat,smooth,no
2276,9,red,flat,smooth,no
2277,9,red,flat,smooth,no
2278,9,red,flat,smooth,no
2279,9,red,flat,smooth,no
2280,9,red,flat,smooth,no
2281,9,red,flat,smooth,no
2282,9,red,flat,smooth,no
2283,9,red,flat,smooth,no
2284,9,red,flat,smooth,no
2285,9,red,flat,smooth,no
2286,9,red,flat,smooth,no
2287,9,red,flat,smooth,no
2288,9,red,flat,smooth,no
2289,9,red,flat,smooth,no
2290,9,red,flat,smooth,no
2291,9,red,flat,smooth,no
2292,9,red,flat,smooth,no
2293,9,red,flat,smooth,no
2294,9,red,flat,smooth,no
2295,9,red,flat,smooth,no
2296,9,red,flat,smooth,no
2297,9,red,flat,smooth,no
2298,9,red,flat,smooth,no
2299,9,red,flat,smooth,no
2300,9,red,flat,smooth,no
2301,9,red,flat,smooth,no
2302,9,red,flat,smooth,no
2303,9,red,flat,smooth,no
2304,9,red,flat,smooth,no
2305,9,red,flat,smooth,no
2306,9,red,flat,smooth,no
2307,9,red,flat,smooth,no
2308,9,red,flat,smooth,no
2309,9,red,flat,smooth,no
2310,9,red,flat,smooth,no
2311,9,red,flat,smooth,no
2312,9,red,flat,smooth,no
2313,9,red,flat,smooth,no
2314,9,red,flat,smooth,no
2315,9,red,flat,smooth,no
2316,9,red,flat,smooth,no
2317,9,red,flat,smooth,no
2318,9,red,flat,smooth,no
2319,9,red,flat,smooth,no
2320,9,red,flat,smooth,no
2321,9,red,flat,smooth,no
2322,9,red,flat,smooth,no
2323,9,red,flat,smooth,no
2324,9,red,flat,smooth,no
2325,9,red,flat,smooth,no
2326,9,red,flat,smooth,no
2327,9,red,flat,smooth,no
2328,9,red,flat,smooth,no
2329,9,red,flat,smooth,no
2330,9,red,flat,smooth,no
2331,9,red,flat,smooth,no
2332,9,red,flat,smooth,no
2333,9,red,flat,smooth,no
2334,9,red,flat,smooth,no
2335,9,red,flat,smooth,no
2336,9,red,flat,smooth,no
2337,9,red,flat,smooth,no
2338,9,red,flat,smooth,no
2339,9,red,flat,smooth,no
2340,9,red,flat,smooth,no
2341,9,red,flat,smooth,no
2342,9,red,flat,smooth,no
2343,9,red,flat,smooth,no
2344,9,red,flat,smooth,no
2345,9,red,flat,smooth,no
2346,9,red,flat,smooth,no
2347,9,red,flat,smooth,no
2348,9,red,flat,smooth,no
2349,9,red,flat,smooth,no
2350,9,red,flat,smooth,no
2351,9,red,flat,smooth,no
2352,9,red,flat,smooth,no
2353,9,red,flat,smooth,no
2354,9,red,flat,smooth,no
2355,9,red,flat,smooth,no
2356,9,red,flat,smooth,no
2357,9,red,flat,smooth,no
2358,9,red,flat,smooth,no
2359,9,red,flat,smooth,no
2360,9,red,flat,smooth,no
2361,9,red,flat,smooth,no
2362,9,red,flat,smooth,no
2363,9,red,flat,smooth,no
2364,9,red,flat,smooth,no
2365,9,red,flat,smooth,no
2366,9,red,flat,smooth,no
2367,9,red,flat,smooth,no
2368,9,red,flat,smooth,no
2369,9,red,flat,smooth,no
2370,9,red,flat,smooth,no
2371,9,red,flat,smooth,no
